timeline_title,timeline_slug,timeline_description,category,event_order,date,date_precision,title,description,importance,location,image_url,source_publisher,source_url,source_credibility,tags
Timeline of the Byzantine Empire,byzantine-empire,"Major political, military, and cultural milestones in the history of the Byzantine Empire.",history,1,330-05-11,day,Constantinople inaugurated,Constantine I formally dedicated Constantinople as the new imperial capital.,5,Constantinople,,Encyclopaedia Britannica,https://www.britannica.com/place/Byzantine-Empire,0.95,empire;byzantium;rome
Timeline of the Byzantine Empire,byzantine-empire,"Major political, military, and cultural milestones in the history of the Byzantine Empire.",history,2,337,year,Death of Constantine I,The death of Constantine I left the empire to his sons and shaped the late Roman imperial succession.,4,Near Nicomedia,,Encyclopaedia Britannica,https://www.britannica.com/place/Byzantine-Empire,0.95,empire;byzantium;rome
Timeline of the Byzantine Empire,byzantine-empire,"Major political, military, and cultural milestones in the history of the Byzantine Empire.",history,3,395,year,Permanent division of the Roman Empire,"After the death of Theodosius I, the eastern empire developed into what later became known as the Byzantine Empire.",5,Roman Empire,,Encyclopaedia Britannica,https://www.britannica.com/place/Byzantine-Empire,0.95,empire;byzantium;rome
Timeline of the Byzantine Empire,byzantine-empire,"Major political, military, and cultural milestones in the history of the Byzantine Empire.",history,4,410,year,Sack of Rome shocks the empire,The Visigothic sack of Rome highlighted the growing centrality of the eastern imperial court.,3,Rome,,Encyclopaedia Britannica,https://www.britannica.com/place/Byzantine-Empire,0.95,empire;byzantium;rome
Timeline of the Byzantine Empire,byzantine-empire,"Major political, military, and cultural milestones in the history of the Byzantine Empire.",history,5,476,year,Fall of the Western Roman Empire,The end of western imperial rule left the eastern emperor as the primary Roman sovereign.,5,Ravenna,,Encyclopaedia Britannica,https://www.britannica.com/place/Byzantine-Empire,0.95,empire;byzantium;rome
Timeline of the Byzantine Empire,byzantine-empire,"Major political, military, and cultural milestones in the history of the Byzantine Empire.",history,6,527,year,Justinian I begins reign,Justinian I came to the throne and launched an ambitious program of reconquest and reform.,5,Constantinople,,Encyclopaedia Britannica,https://www.britannica.com/place/Byzantine-Empire,0.95,empire;byzantium;rome
Timeline of the Byzantine Empire,byzantine-empire,"Major political, military, and cultural milestones in the history of the Byzantine Empire.",history,7,532,year,Nika Revolt suppressed,Justinian crushed a major uprising in Constantinople and restored imperial authority.,5,Constantinople,,Encyclopaedia Britannica,https://www.britannica.com/place/Byzantine-Empire,0.95,empire;byzantium;rome
Timeline of the Byzantine Empire,byzantine-empire,"Major political, military, and cultural milestones in the history of the Byzantine Empire.",history,8,537,year,Hagia Sophia completed,The great church of Hagia Sophia was completed under Justinian.,5,Constantinople,,Encyclopaedia Britannica,https://www.britannica.com/place/Byzantine-Empire,0.95,empire;byzantium;rome
Timeline of the Byzantine Empire,byzantine-empire,"Major political, military, and cultural milestones in the history of the Byzantine Empire.",history,9,565,year,Death of Justinian I,Justinian's death ended one of the most consequential reigns in Byzantine history.,4,Constantinople,,Encyclopaedia Britannica,https://www.britannica.com/place/Byzantine-Empire,0.95,empire;byzantium;rome
Timeline of the Byzantine Empire,byzantine-empire,"Major political, military, and cultural milestones in the history of the Byzantine Empire.",history,10,610,year,Heraclius seizes the throne,Heraclius came to power during a severe imperial crisis.,4,Constantinople,,Encyclopaedia Britannica,https://www.britannica.com/place/Byzantine-Empire,0.95,empire;byzantium;rome
Timeline of the Byzantine Empire,byzantine-empire,"Major political, military, and cultural milestones in the history of the Byzantine Empire.",history,11,626,year,Avars and Persians fail to take Constantinople,"The capital survived a major siege, preserving the empire during war with Persia.",5,Constantinople,,Encyclopaedia Britannica,https://www.britannica.com/place/Byzantine-Empire,0.95,empire;byzantium;rome
Timeline of the Byzantine Empire,byzantine-empire,"Major political, military, and cultural milestones in the history of the Byzantine Empire.",history,12,632,year,Early Islamic expansion begins,The rise of Islam transformed the empire's strategic environment.,4,Eastern Mediterranean,,Encyclopaedia Britannica,https://www.britannica.com/place/Byzantine-Empire,0.95,empire;byzantium;rome
Timeline of the Byzantine Empire,byzantine-empire,"Major political, military, and cultural milestones in the history of the Byzantine Empire.",history,13,674,year,First Arab siege of Constantinople begins,Umayyad forces began a prolonged effort to capture the Byzantine capital.,5,Constantinople,,Encyclopaedia Britannica,https://www.britannica.com/place/Byzantine-Empire,0.95,empire;byzantium;rome
Timeline of the Byzantine Empire,byzantine-empire,"Major political, military, and cultural milestones in the history of the Byzantine Empire.",history,14,717,year,Second Arab siege of Constantinople begins,"The empire faced another major siege, this time by the Umayyads.",5,Constantinople,,Encyclopaedia Britannica,https://www.britannica.com/place/Byzantine-Empire,0.95,empire;byzantium;rome
Timeline of the Byzantine Empire,byzantine-empire,"Major political, military, and cultural milestones in the history of the Byzantine Empire.",history,15,726,year,Iconoclasm begins under Leo III,Imperial religious policy shifted sharply with the beginning of Iconoclasm.,4,Constantinople,,Encyclopaedia Britannica,https://www.britannica.com/place/Byzantine-Empire,0.95,empire;byzantium;rome
Timeline of the Byzantine Empire,byzantine-empire,"Major political, military, and cultural milestones in the history of the Byzantine Empire.",history,16,800,year,Charlemagne crowned emperor,The coronation challenged Byzantine claims to universal Roman legitimacy in the West.,3,Rome,,Encyclopaedia Britannica,https://www.britannica.com/place/Byzantine-Empire,0.95,empire;byzantium;rome
Timeline of the Byzantine Empire,byzantine-empire,"Major political, military, and cultural milestones in the history of the Byzantine Empire.",history,17,843,year,Triumph of Orthodoxy restores icons,The restoration of icons ended the main phase of Byzantine Iconoclasm.,4,Constantinople,,Encyclopaedia Britannica,https://www.britannica.com/place/Byzantine-Empire,0.95,empire;byzantium;rome
Timeline of the Byzantine Empire,byzantine-empire,"Major political, military, and cultural milestones in the history of the Byzantine Empire.",history,18,867,year,Basil I begins Macedonian dynasty,The accession of Basil I opened an era of political and cultural revival.,4,Constantinople,,Encyclopaedia Britannica,https://www.britannica.com/place/Byzantine-Empire,0.95,empire;byzantium;rome
Timeline of the Byzantine Empire,byzantine-empire,"Major political, military, and cultural milestones in the history of the Byzantine Empire.",history,19,988,year,Baptism of Vladimir of Kyiv,The conversion of Kyivan Rus strengthened Byzantine religious and diplomatic influence.,4,Kyiv,,Encyclopaedia Britannica,https://www.britannica.com/place/Byzantine-Empire,0.95,empire;byzantium;rome
Timeline of the Byzantine Empire,byzantine-empire,"Major political, military, and cultural milestones in the history of the Byzantine Empire.",history,20,1054,year,Great Schism formalized,The breach between the churches of Rome and Constantinople deepened the division between East and West.,5,Rome and Constantinople,,Encyclopaedia Britannica,https://www.britannica.com/place/Byzantine-Empire,0.95,empire;byzantium;rome
Timeline of the Byzantine Empire,byzantine-empire,"Major political, military, and cultural milestones in the history of the Byzantine Empire.",history,21,1071,year,Battle of Manzikert,A major defeat to the Seljuks accelerated Byzantine losses in Anatolia.,5,Manzikert,,Encyclopaedia Britannica,https://www.britannica.com/place/Byzantine-Empire,0.95,empire;byzantium;rome
Timeline of the Byzantine Empire,byzantine-empire,"Major political, military, and cultural milestones in the history of the Byzantine Empire.",history,22,1081,year,Alexios I begins Komnenian restoration,Alexios I came to power and stabilized the empire after military crisis.,4,Constantinople,,Encyclopaedia Britannica,https://www.britannica.com/place/Byzantine-Empire,0.95,empire;byzantium;rome
Timeline of the Byzantine Empire,byzantine-empire,"Major political, military, and cultural milestones in the history of the Byzantine Empire.",history,23,1095,year,First Crusade launched,Byzantine appeals for aid helped trigger the First Crusade.,4,Clermont,,Encyclopaedia Britannica,https://www.britannica.com/place/Byzantine-Empire,0.95,empire;byzantium;rome
Timeline of the Byzantine Empire,byzantine-empire,"Major political, military, and cultural milestones in the history of the Byzantine Empire.",history,24,1204,year,Fourth Crusade sacks Constantinople,Crusaders captured Constantinople and shattered Byzantine imperial unity.,5,Constantinople,,Encyclopaedia Britannica,https://www.britannica.com/place/Byzantine-Empire,0.95,empire;byzantium;rome
Timeline of the Byzantine Empire,byzantine-empire,"Major political, military, and cultural milestones in the history of the Byzantine Empire.",history,25,1261,year,Byzantines recover Constantinople,Michael VIII Palaiologos restored Byzantine rule in the capital.,5,Constantinople,,Encyclopaedia Britannica,https://www.britannica.com/place/Byzantine-Empire,0.95,empire;byzantium;rome
Timeline of the Byzantine Empire,byzantine-empire,"Major political, military, and cultural milestones in the history of the Byzantine Empire.",history,26,1341,year,Civil war begins,A destructive civil war weakened the late empire.,4,Constantinople,,Encyclopaedia Britannica,https://www.britannica.com/place/Byzantine-Empire,0.95,empire;byzantium;rome
Timeline of the Byzantine Empire,byzantine-empire,"Major political, military, and cultural milestones in the history of the Byzantine Empire.",history,27,1354,year,Ottomans seize Gallipoli,The Ottoman foothold in Europe intensified pressure on Byzantium.,4,Gallipoli,,Encyclopaedia Britannica,https://www.britannica.com/place/Byzantine-Empire,0.95,empire;byzantium;rome
Timeline of the Byzantine Empire,byzantine-empire,"Major political, military, and cultural milestones in the history of the Byzantine Empire.",history,28,1439,year,Council of Florence attempts church union,Byzantine leaders sought western aid through ecclesiastical union.,3,Florence,,Encyclopaedia Britannica,https://www.britannica.com/place/Byzantine-Empire,0.95,empire;byzantium;rome
Timeline of the Byzantine Empire,byzantine-empire,"Major political, military, and cultural milestones in the history of the Byzantine Empire.",history,29,1453-05-29,day,Fall of Constantinople,"Ottoman forces captured Constantinople, ending the Byzantine Empire.",5,Constantinople,,Encyclopaedia Britannica,https://www.britannica.com/place/Byzantine-Empire,0.95,empire;byzantium;rome
Timeline of the World Wide Web,world-wide-web,"Major milestones in the invention, standardization, commercialization, and global growth of the World Wide Web.",technology,1,1945,year,Vannevar Bush imagines Memex,Bush described a hypertext-like information system that later influenced web thinking.,3,United States,,CERN,https://home.cern/science/computing/birth-web,0.97,technology;web;internet
Timeline of the World Wide Web,world-wide-web,"Major milestones in the invention, standardization, commercialization, and global growth of the World Wide Web.",technology,2,1965,year,Ted Nelson coins hypertext,The idea of linked digital text gained a lasting name and conceptual framework.,4,United States,,CERN,https://home.cern/science/computing/birth-web,0.97,technology;web;internet
Timeline of the World Wide Web,world-wide-web,"Major milestones in the invention, standardization, commercialization, and global growth of the World Wide Web.",technology,3,1968,year,Mother of All Demos presented,Douglas Engelbart demonstrated interactive computing concepts relevant to future web use.,4,San Francisco,,CERN,https://home.cern/science/computing/birth-web,0.97,technology;web;internet
Timeline of the World Wide Web,world-wide-web,"Major milestones in the invention, standardization, commercialization, and global growth of the World Wide Web.",technology,4,1980,year,ENQUIRE built at CERN,"Tim Berners-Lee created ENQUIRE, an early linked-information system.",4,CERN,,CERN,https://home.cern/science/computing/birth-web,0.97,technology;web;internet
Timeline of the World Wide Web,world-wide-web,"Major milestones in the invention, standardization, commercialization, and global growth of the World Wide Web.",technology,5,1984,year,Berners-Lee returns to CERN,His return to CERN set the stage for the web's invention.,3,CERN,,CERN,https://home.cern/science/computing/birth-web,0.97,technology;web;internet
Timeline of the World Wide Web,world-wide-web,"Major milestones in the invention, standardization, commercialization, and global growth of the World Wide Web.",technology,6,1989-03,month,Berners-Lee proposes the web,A proposal for a distributed hypertext system outlined the basis of the World Wide Web.,5,CERN,,CERN,https://home.cern/science/computing/birth-web,0.97,technology;web;internet
Timeline of the World Wide Web,world-wide-web,"Major milestones in the invention, standardization, commercialization, and global growth of the World Wide Web.",technology,7,1990,year,Robert Cailliau joins the project,Cailliau helped develop and promote the web at CERN.,4,CERN,,CERN,https://home.cern/science/computing/birth-web,0.97,technology;web;internet
Timeline of the World Wide Web,world-wide-web,"Major milestones in the invention, standardization, commercialization, and global growth of the World Wide Web.",technology,8,1990-10,month,"HTTP, HTML, and URLs take shape",Core standards for the web were formulated during development at CERN.,5,CERN,,CERN,https://home.cern/science/computing/birth-web,0.97,technology;web;internet
Timeline of the World Wide Web,world-wide-web,"Major milestones in the invention, standardization, commercialization, and global growth of the World Wide Web.",technology,9,1990-12,month,First website and browser-server system created,The first website and the first web software were running by the end of 1990.,5,CERN,,CERN,https://home.cern/science/computing/birth-web,0.97,technology;web;internet
Timeline of the World Wide Web,world-wide-web,"Major milestones in the invention, standardization, commercialization, and global growth of the World Wide Web.",technology,10,1991-08,month,Web opened to external users,The World Wide Web became available beyond CERN to outside institutions.,5,Global,,CERN,https://home.cern/science/computing/birth-web,0.97,technology;web;internet
Timeline of the World Wide Web,world-wide-web,"Major milestones in the invention, standardization, commercialization, and global growth of the World Wide Web.",technology,11,1993-04-30,day,CERN places web technology in the public domain,CERN's decision allowed the web to spread freely and rapidly.,5,CERN,,CERN,https://home.cern/science/computing/birth-web,0.97,technology;web;internet
Timeline of the World Wide Web,world-wide-web,"Major milestones in the invention, standardization, commercialization, and global growth of the World Wide Web.",technology,12,1993,year,Mosaic browser released,Mosaic greatly broadened the web's public appeal and usability.,5,United States,,CERN,https://home.cern/science/computing/birth-web,0.97,technology;web;internet
Timeline of the World Wide Web,world-wide-web,"Major milestones in the invention, standardization, commercialization, and global growth of the World Wide Web.",technology,13,1994,year,World Wide Web Consortium founded,The W3C was created to develop open web standards.,5,MIT,,CERN,https://home.cern/science/computing/birth-web,0.97,technology;web;internet
Timeline of the World Wide Web,world-wide-web,"Major milestones in the invention, standardization, commercialization, and global growth of the World Wide Web.",technology,14,1994,year,Netscape founded,Commercial browser competition accelerated web adoption.,4,California,,CERN,https://home.cern/science/computing/birth-web,0.97,technology;web;internet
Timeline of the World Wide Web,world-wide-web,"Major milestones in the invention, standardization, commercialization, and global growth of the World Wide Web.",technology,15,1995,year,JavaScript introduced,Client-side scripting changed the capabilities of web pages.,4,United States,,CERN,https://home.cern/science/computing/birth-web,0.97,technology;web;internet
Timeline of the World Wide Web,world-wide-web,"Major milestones in the invention, standardization, commercialization, and global growth of the World Wide Web.",technology,16,1998,year,Google founded,Web search became a defining part of the web experience.,4,California,,CERN,https://home.cern/science/computing/birth-web,0.97,technology;web;internet
Timeline of the World Wide Web,world-wide-web,"Major milestones in the invention, standardization, commercialization, and global growth of the World Wide Web.",technology,17,2001,year,Wikipedia launched,Collaborative publishing became one of the web's most influential models.,4,Global,,CERN,https://home.cern/science/computing/birth-web,0.97,technology;web;internet
Timeline of the World Wide Web,world-wide-web,"Major milestones in the invention, standardization, commercialization, and global growth of the World Wide Web.",technology,18,2004,year,Web 2.0 era takes hold,"Interactive, user-generated web platforms spread rapidly.",4,Global,,CERN,https://home.cern/science/computing/birth-web,0.97,technology;web;internet
Timeline of the World Wide Web,world-wide-web,"Major milestones in the invention, standardization, commercialization, and global growth of the World Wide Web.",technology,19,2007,year,iPhone released,Smartphone browsing transformed how people accessed the web.,4,United States,,CERN,https://home.cern/science/computing/birth-web,0.97,technology;web;internet
Timeline of the World Wide Web,world-wide-web,"Major milestones in the invention, standardization, commercialization, and global growth of the World Wide Web.",technology,20,2014,year,HTML5 finalized,A major modern web standard was completed.,4,Global,,CERN,https://home.cern/science/computing/birth-web,0.97,technology;web;internet
Timeline of the World Wide Web,world-wide-web,"Major milestones in the invention, standardization, commercialization, and global growth of the World Wide Web.",technology,21,2022,year,HTTPS becomes dominant on major web traffic,Encrypted web browsing became the normal baseline for most users.,3,Global,,CERN,https://home.cern/science/computing/birth-web,0.97,technology;web;internet
Timeline of the Haitian Revolution,haitian-revolution,Major political and military milestones in the Haitian Revolution and the creation of Haiti.,history,1,1697,year,France gains Saint-Domingue,The Treaty of Ryswick confirmed French control of the western part of Hispaniola.,3,Saint-Domingue,,Encyclopaedia Britannica,https://www.britannica.com/event/Haitian-Revolution,0.95,revolution;haiti;slavery
Timeline of the Haitian Revolution,haitian-revolution,Major political and military milestones in the Haitian Revolution and the creation of Haiti.,history,2,1758,year,Mackandal executed,The execution of François Mackandal became part of the colony's resistance memory.,2,Saint-Domingue,,Encyclopaedia Britannica,https://www.britannica.com/event/Haitian-Revolution,0.95,revolution;haiti;slavery
Timeline of the Haitian Revolution,haitian-revolution,Major political and military milestones in the Haitian Revolution and the creation of Haiti.,history,3,1789,year,French Revolution begins,Events in France destabilized colonial politics in Saint-Domingue.,4,France,,Encyclopaedia Britannica,https://www.britannica.com/event/Haitian-Revolution,0.95,revolution;haiti;slavery
Timeline of the Haitian Revolution,haitian-revolution,Major political and military milestones in the Haitian Revolution and the creation of Haiti.,history,4,1790,year,Vincent Ogé revolt suppressed,Ogé's failed uprising exposed tensions over rights and race in the colony.,3,Saint-Domingue,,Encyclopaedia Britannica,https://www.britannica.com/event/Haitian-Revolution,0.95,revolution;haiti;slavery
Timeline of the Haitian Revolution,haitian-revolution,Major political and military milestones in the Haitian Revolution and the creation of Haiti.,history,5,1791-08,month,Slave uprising begins in the north,A massive slave revolt opened the Haitian Revolution.,5,Northern Saint-Domingue,,Encyclopaedia Britannica,https://www.britannica.com/event/Haitian-Revolution,0.95,revolution;haiti;slavery
Timeline of the Haitian Revolution,haitian-revolution,Major political and military milestones in the Haitian Revolution and the creation of Haiti.,history,6,1792,year,France grants civil rights to free people of color,Revolutionary legislation reshaped political alignments in the colony.,4,Paris,,Encyclopaedia Britannica,https://www.britannica.com/event/Haitian-Revolution,0.95,revolution;haiti;slavery
Timeline of the Haitian Revolution,haitian-revolution,Major political and military milestones in the Haitian Revolution and the creation of Haiti.,history,7,1793,year,French commissioners proclaim emancipation locally,Colonial commissioners abolished slavery in Saint-Domingue before metropolitan confirmation.,5,Saint-Domingue,,Encyclopaedia Britannica,https://www.britannica.com/event/Haitian-Revolution,0.95,revolution;haiti;slavery
Timeline of the Haitian Revolution,haitian-revolution,Major political and military milestones in the Haitian Revolution and the creation of Haiti.,history,8,1794,year,French National Convention abolishes slavery,"France extended abolition across its colonies, transforming the conflict.",5,Paris,,Encyclopaedia Britannica,https://www.britannica.com/event/Haitian-Revolution,0.95,revolution;haiti;slavery
Timeline of the Haitian Revolution,haitian-revolution,Major political and military milestones in the Haitian Revolution and the creation of Haiti.,history,9,1794,year,Toussaint Louverture joins French side,Louverture aligned with the French Republic after emancipation.,5,Saint-Domingue,,Encyclopaedia Britannica,https://www.britannica.com/event/Haitian-Revolution,0.95,revolution;haiti;slavery
Timeline of the Haitian Revolution,haitian-revolution,Major political and military milestones in the Haitian Revolution and the creation of Haiti.,history,10,1795,year,Spain cedes Santo Domingo to France,The Treaty of Basel altered the regional strategic balance.,3,Santo Domingo,,Encyclopaedia Britannica,https://www.britannica.com/event/Haitian-Revolution,0.95,revolution;haiti;slavery
Timeline of the Haitian Revolution,haitian-revolution,Major political and military milestones in the Haitian Revolution and the creation of Haiti.,history,11,1798,year,British evacuation completed,British forces withdrew after failing to defeat the revolutionary forces.,4,Saint-Domingue,,Encyclopaedia Britannica,https://www.britannica.com/event/Haitian-Revolution,0.95,revolution;haiti;slavery
Timeline of the Haitian Revolution,haitian-revolution,Major political and military milestones in the Haitian Revolution and the creation of Haiti.,history,12,1801,year,Louverture promulgates constitution,Toussaint Louverture issued a constitution asserting broad autonomy for the colony.,5,Cap-Français,,Encyclopaedia Britannica,https://www.britannica.com/event/Haitian-Revolution,0.95,revolution;haiti;slavery
Timeline of the Haitian Revolution,haitian-revolution,Major political and military milestones in the Haitian Revolution and the creation of Haiti.,history,13,1802,year,Leclerc expedition arrives,Napoleon sent a major French force to restore control.,5,Saint-Domingue,,Encyclopaedia Britannica,https://www.britannica.com/event/Haitian-Revolution,0.95,revolution;haiti;slavery
Timeline of the Haitian Revolution,haitian-revolution,Major political and military milestones in the Haitian Revolution and the creation of Haiti.,history,14,1802,year,Toussaint Louverture captured,Louverture was seized and deported to France.,5,Saint-Domingue,,Encyclopaedia Britannica,https://www.britannica.com/event/Haitian-Revolution,0.95,revolution;haiti;slavery
Timeline of the Haitian Revolution,haitian-revolution,Major political and military milestones in the Haitian Revolution and the creation of Haiti.,history,15,1803-11-18,day,Battle of Vertières,Revolutionary forces won the decisive battle against the French.,5,Vertières,,Encyclopaedia Britannica,https://www.britannica.com/event/Haitian-Revolution,0.95,revolution;haiti;slavery
Timeline of the Haitian Revolution,haitian-revolution,Major political and military milestones in the Haitian Revolution and the creation of Haiti.,history,16,1804-01-01,day,Haiti declares independence,Jean-Jacques Dessalines proclaimed the independence of Haiti.,5,Gonaïves,,Encyclopaedia Britannica,https://www.britannica.com/event/Haitian-Revolution,0.95,revolution;haiti;slavery
Timeline of the Haitian Revolution,haitian-revolution,Major political and military milestones in the Haitian Revolution and the creation of Haiti.,history,17,1804,year,Dessalines crowned emperor,Dessalines established the Empire of Haiti as Jacques I.,3,Haiti,,Encyclopaedia Britannica,https://www.britannica.com/event/Haitian-Revolution,0.95,revolution;haiti;slavery
Timeline of the Haitian Revolution,haitian-revolution,Major political and military milestones in the Haitian Revolution and the creation of Haiti.,history,18,1806,year,Dessalines assassinated,His death led to political division within Haiti.,4,Pont-Rouge,,Encyclopaedia Britannica,https://www.britannica.com/event/Haitian-Revolution,0.95,revolution;haiti;slavery
Timeline of the Haitian Revolution,haitian-revolution,Major political and military milestones in the Haitian Revolution and the creation of Haiti.,history,19,1807,year,Haiti divided into northern and southern states,Henri Christophe and Alexandre Pétion led rival regimes.,4,Haiti,,Encyclopaedia Britannica,https://www.britannica.com/event/Haitian-Revolution,0.95,revolution;haiti;slavery
Timeline of the Haitian Revolution,haitian-revolution,Major political and military milestones in the Haitian Revolution and the creation of Haiti.,history,20,1811,year,Christophe becomes King Henry I,The northern state became the Kingdom of Haiti.,3,Cap-Haïtien,,Encyclopaedia Britannica,https://www.britannica.com/event/Haitian-Revolution,0.95,revolution;haiti;slavery
Timeline of the Haitian Revolution,haitian-revolution,Major political and military milestones in the Haitian Revolution and the creation of Haiti.,history,21,1820,year,Christophe dies and reunification begins,The northern monarchy collapsed and Haiti moved toward reunification.,4,Cap-Haïtien,,Encyclopaedia Britannica,https://www.britannica.com/event/Haitian-Revolution,0.95,revolution;haiti;slavery
Timeline of the Haitian Revolution,haitian-revolution,Major political and military milestones in the Haitian Revolution and the creation of Haiti.,history,22,1825,year,France recognizes Haiti with indemnity demands,Recognition came at the price of a heavy indemnity that burdened the new state.,5,Paris,,Encyclopaedia Britannica,https://www.britannica.com/event/Haitian-Revolution,0.95,revolution;haiti;slavery
Timeline of the Abbasid Caliphate,abbasid-caliphate,"Major political, military, and cultural milestones in the history of the Abbasid Caliphate.",history,1,747,year,Abbasid Revolution begins in Khurasan,The movement against Umayyad rule gathered strength under Abu Muslim.,5,Khurasan,,Encyclopaedia Britannica,https://www.britannica.com/topic/Abbasid-dynasty,0.95,caliphate;islam;empire
Timeline of the Abbasid Caliphate,abbasid-caliphate,"Major political, military, and cultural milestones in the history of the Abbasid Caliphate.",history,2,750,year,Battle of the Zab,Abbasid forces defeated the Umayyads in the decisive battle of the revolution.,5,Iraq,,Encyclopaedia Britannica,https://www.britannica.com/topic/Abbasid-dynasty,0.95,caliphate;islam;empire
Timeline of the Abbasid Caliphate,abbasid-caliphate,"Major political, military, and cultural milestones in the history of the Abbasid Caliphate.",history,3,750,year,Abu al-Abbas al-Saffah becomes caliph,The first Abbasid caliph established the new dynasty.,5,Kufa,,Encyclopaedia Britannica,https://www.britannica.com/topic/Abbasid-dynasty,0.95,caliphate;islam;empire
Timeline of the Abbasid Caliphate,abbasid-caliphate,"Major political, military, and cultural milestones in the history of the Abbasid Caliphate.",history,4,754,year,Al-Mansur becomes caliph,Al-Mansur consolidated Abbasid power after al-Saffah's death.,4,Iraq,,Encyclopaedia Britannica,https://www.britannica.com/topic/Abbasid-dynasty,0.95,caliphate;islam;empire
Timeline of the Abbasid Caliphate,abbasid-caliphate,"Major political, military, and cultural milestones in the history of the Abbasid Caliphate.",history,5,762,year,Baghdad founded,Al-Mansur founded Baghdad as the Abbasid capital.,5,Baghdad,,Encyclopaedia Britannica,https://www.britannica.com/topic/Abbasid-dynasty,0.95,caliphate;islam;empire
Timeline of the Abbasid Caliphate,abbasid-caliphate,"Major political, military, and cultural milestones in the history of the Abbasid Caliphate.",history,6,786,year,Harun al-Rashid begins reign,His reign became emblematic of Abbasid political power and court culture.,5,Baghdad,,Encyclopaedia Britannica,https://www.britannica.com/topic/Abbasid-dynasty,0.95,caliphate;islam;empire
Timeline of the Abbasid Caliphate,abbasid-caliphate,"Major political, military, and cultural milestones in the history of the Abbasid Caliphate.",history,7,800,year,Aghlabids established in Ifriqiya,Provincial autonomy increased under Abbasid suzerainty.,3,Ifriqiya,,Encyclopaedia Britannica,https://www.britannica.com/topic/Abbasid-dynasty,0.95,caliphate;islam;empire
Timeline of the Abbasid Caliphate,abbasid-caliphate,"Major political, military, and cultural milestones in the history of the Abbasid Caliphate.",history,8,809,year,Harun al-Rashid dies,A succession struggle followed the death of one of the dynasty's most famous rulers.,4,Tus,,Encyclopaedia Britannica,https://www.britannica.com/topic/Abbasid-dynasty,0.95,caliphate;islam;empire
Timeline of the Abbasid Caliphate,abbasid-caliphate,"Major political, military, and cultural milestones in the history of the Abbasid Caliphate.",history,9,813,year,Al-Ma'mun becomes caliph,Civil war ended with al-Ma'mun's victory and a new phase of Abbasid rule.,4,Baghdad,,Encyclopaedia Britannica,https://www.britannica.com/topic/Abbasid-dynasty,0.95,caliphate;islam;empire
Timeline of the Abbasid Caliphate,abbasid-caliphate,"Major political, military, and cultural milestones in the history of the Abbasid Caliphate.",history,10,832,year,House of Wisdom flourishes under al-Ma'mun,The Abbasid court became a major center of translation and scholarship.,4,Baghdad,,Encyclopaedia Britannica,https://www.britannica.com/topic/Abbasid-dynasty,0.95,caliphate;islam;empire
Timeline of the Abbasid Caliphate,abbasid-caliphate,"Major political, military, and cultural milestones in the history of the Abbasid Caliphate.",history,11,833,year,Al-Mu'tasim becomes caliph,Military and political changes strengthened the role of Turkish troops.,4,Baghdad,,Encyclopaedia Britannica,https://www.britannica.com/topic/Abbasid-dynasty,0.95,caliphate;islam;empire
Timeline of the Abbasid Caliphate,abbasid-caliphate,"Major political, military, and cultural milestones in the history of the Abbasid Caliphate.",history,12,836,year,Samarra becomes capital,The caliphal court moved from Baghdad to Samarra.,4,Samarra,,Encyclopaedia Britannica,https://www.britannica.com/topic/Abbasid-dynasty,0.95,caliphate;islam;empire
Timeline of the Abbasid Caliphate,abbasid-caliphate,"Major political, military, and cultural milestones in the history of the Abbasid Caliphate.",history,13,861,year,Al-Mutawakkil assassinated,The assassination marked the start of severe political instability at the Abbasid court.,5,Samarra,,Encyclopaedia Britannica,https://www.britannica.com/topic/Abbasid-dynasty,0.95,caliphate;islam;empire
Timeline of the Abbasid Caliphate,abbasid-caliphate,"Major political, military, and cultural milestones in the history of the Abbasid Caliphate.",history,14,870,year,Zanj Rebellion begins,A major revolt challenged Abbasid authority in southern Iraq.,5,Basra region,,Encyclopaedia Britannica,https://www.britannica.com/topic/Abbasid-dynasty,0.95,caliphate;islam;empire
Timeline of the Abbasid Caliphate,abbasid-caliphate,"Major political, military, and cultural milestones in the history of the Abbasid Caliphate.",history,15,892,year,Capital returns to Baghdad,The caliphal court moved back to Baghdad.,3,Baghdad,,Encyclopaedia Britannica,https://www.britannica.com/topic/Abbasid-dynasty,0.95,caliphate;islam;empire
Timeline of the Abbasid Caliphate,abbasid-caliphate,"Major political, military, and cultural milestones in the history of the Abbasid Caliphate.",history,16,909,year,Fatimid Caliphate founded,"A rival caliphate emerged in North Africa, challenging Abbasid prestige.",4,Ifriqiya,,Encyclopaedia Britannica,https://www.britannica.com/topic/Abbasid-dynasty,0.95,caliphate;islam;empire
Timeline of the Abbasid Caliphate,abbasid-caliphate,"Major political, military, and cultural milestones in the history of the Abbasid Caliphate.",history,17,945,year,Buyids seize Baghdad,The Abbasid caliphs fell under Buyid domination.,5,Baghdad,,Encyclopaedia Britannica,https://www.britannica.com/topic/Abbasid-dynasty,0.95,caliphate;islam;empire
Timeline of the Abbasid Caliphate,abbasid-caliphate,"Major political, military, and cultural milestones in the history of the Abbasid Caliphate.",history,18,1055,year,Seljuks enter Baghdad,Sunni revival under Seljuk protection altered the political balance around the caliphate.,4,Baghdad,,Encyclopaedia Britannica,https://www.britannica.com/topic/Abbasid-dynasty,0.95,caliphate;islam;empire
Timeline of the Abbasid Caliphate,abbasid-caliphate,"Major political, military, and cultural milestones in the history of the Abbasid Caliphate.",history,19,1099,year,Crusaders capture Jerusalem,The Crusades changed the broader political environment of the Abbasid world.,3,Jerusalem,,Encyclopaedia Britannica,https://www.britannica.com/topic/Abbasid-dynasty,0.95,caliphate;islam;empire
Timeline of the Abbasid Caliphate,abbasid-caliphate,"Major political, military, and cultural milestones in the history of the Abbasid Caliphate.",history,20,1258,year,Mongols sack Baghdad,The Mongol conquest ended the Abbasid Caliphate in Baghdad.,5,Baghdad,,Encyclopaedia Britannica,https://www.britannica.com/topic/Abbasid-dynasty,0.95,caliphate;islam;empire
Timeline of the Suez Crisis,suez-crisis,Major diplomatic and military milestones of the 1956 Suez Crisis.,politics,1,1952,year,Egyptian Free Officers seize power,"The Egyptian monarchy was overthrown, reshaping the politics that led to the Suez Crisis.",4,Cairo,,Encyclopaedia Britannica,https://www.britannica.com/event/Suez-Crisis,0.95,crisis;egypt;decolonization
Timeline of the Suez Crisis,suez-crisis,Major diplomatic and military milestones of the 1956 Suez Crisis.,politics,2,1954,year,Anglo-Egyptian agreement on canal zone,Britain agreed to withdraw troops from the Suez Canal base.,4,Egypt,,Encyclopaedia Britannica,https://www.britannica.com/event/Suez-Crisis,0.95,crisis;egypt;decolonization
Timeline of the Suez Crisis,suez-crisis,Major diplomatic and military milestones of the 1956 Suez Crisis.,politics,3,1955,year,Egyptian-Czechoslovak arms deal,Egypt's arms agreement signaled a new regional alignment during the Cold War.,4,Cairo,,Encyclopaedia Britannica,https://www.britannica.com/event/Suez-Crisis,0.95,crisis;egypt;decolonization
Timeline of the Suez Crisis,suez-crisis,Major diplomatic and military milestones of the 1956 Suez Crisis.,politics,4,1956-07-19,day,US and Britain withdraw Aswan Dam financing,Western withdrawal of financing heightened tensions with Nasser.,4,Washington and London,,Encyclopaedia Britannica,https://www.britannica.com/event/Suez-Crisis,0.95,crisis;egypt;decolonization
Timeline of the Suez Crisis,suez-crisis,Major diplomatic and military milestones of the 1956 Suez Crisis.,politics,5,1956-07-26,day,Nasser nationalizes the Suez Canal,"Egypt nationalized the canal company, triggering the crisis.",5,Alexandria,,Encyclopaedia Britannica,https://www.britannica.com/event/Suez-Crisis,0.95,crisis;egypt;decolonization
Timeline of the Suez Crisis,suez-crisis,Major diplomatic and military milestones of the 1956 Suez Crisis.,politics,6,1956-08,month,London conference on the canal convenes,Major powers attempted to negotiate the canal dispute.,3,London,,Encyclopaedia Britannica,https://www.britannica.com/event/Suez-Crisis,0.95,crisis;egypt;decolonization
Timeline of the Suez Crisis,suez-crisis,Major diplomatic and military milestones of the 1956 Suez Crisis.,politics,7,1956-09,month,Menzies mission fails,Efforts to persuade Nasser to reverse nationalization failed.,3,Cairo,,Encyclopaedia Britannica,https://www.britannica.com/event/Suez-Crisis,0.95,crisis;egypt;decolonization
Timeline of the Suez Crisis,suez-crisis,Major diplomatic and military milestones of the 1956 Suez Crisis.,politics,8,1956-10-14,day,UN debate intensifies over the canal dispute,Diplomatic efforts at the United Nations failed to resolve the crisis.,3,New York,,Encyclopaedia Britannica,https://www.britannica.com/event/Suez-Crisis,0.95,crisis;egypt;decolonization
Timeline of the Suez Crisis,suez-crisis,Major diplomatic and military milestones of the 1956 Suez Crisis.,politics,9,1956-10-24,day,Protocol of Sèvres agreed,"Israel, Britain, and France secretly coordinated a military plan against Egypt.",5,Sèvres,,Encyclopaedia Britannica,https://www.britannica.com/event/Suez-Crisis,0.95,crisis;egypt;decolonization
Timeline of the Suez Crisis,suez-crisis,Major diplomatic and military milestones of the 1956 Suez Crisis.,politics,10,1956-10-29,day,Israel invades Sinai,Israeli forces began the military phase of the crisis.,5,Sinai,,Encyclopaedia Britannica,https://www.britannica.com/event/Suez-Crisis,0.95,crisis;egypt;decolonization
Timeline of the Suez Crisis,suez-crisis,Major diplomatic and military milestones of the 1956 Suez Crisis.,politics,11,1956-10-30,day,Britain and France issue ultimatum,The two powers demanded Egyptian and Israeli withdrawal from the canal zone.,4,London and Paris,,Encyclopaedia Britannica,https://www.britannica.com/event/Suez-Crisis,0.95,crisis;egypt;decolonization
Timeline of the Suez Crisis,suez-crisis,Major diplomatic and military milestones of the 1956 Suez Crisis.,politics,12,1956-10-31,day,British and French bombing begins,Anglo-French air attacks on Egypt opened the intervention.,5,Egypt,,Encyclopaedia Britannica,https://www.britannica.com/event/Suez-Crisis,0.95,crisis;egypt;decolonization
Timeline of the Suez Crisis,suez-crisis,Major diplomatic and military milestones of the 1956 Suez Crisis.,politics,13,1956-11-01,day,UN General Assembly takes up crisis,The United Nations moved to address the fighting after Security Council deadlock.,4,New York,,Encyclopaedia Britannica,https://www.britannica.com/event/Suez-Crisis,0.95,crisis;egypt;decolonization
Timeline of the Suez Crisis,suez-crisis,Major diplomatic and military milestones of the 1956 Suez Crisis.,politics,14,1956-11-05,day,Anglo-French landings at Port Said,British and French forces landed near the canal.,5,Port Said,,Encyclopaedia Britannica,https://www.britannica.com/event/Suez-Crisis,0.95,crisis;egypt;decolonization
Timeline of the Suez Crisis,suez-crisis,Major diplomatic and military milestones of the 1956 Suez Crisis.,politics,15,1956-11-06,day,Cease-fire accepted,International pressure forced a halt to the Anglo-French-Israeli operation.,5,Egypt,,Encyclopaedia Britannica,https://www.britannica.com/event/Suez-Crisis,0.95,crisis;egypt;decolonization
Timeline of the Suez Crisis,suez-crisis,Major diplomatic and military milestones of the 1956 Suez Crisis.,politics,16,1956-11-07,day,First UN Emergency Force approved,The UN created its first large peacekeeping force to supervise the cease-fire.,5,New York,,Encyclopaedia Britannica,https://www.britannica.com/event/Suez-Crisis,0.95,crisis;egypt;decolonization
Timeline of the Suez Crisis,suez-crisis,Major diplomatic and military milestones of the 1956 Suez Crisis.,politics,17,1956-12,month,British and French withdrawal begins,Military withdrawal followed the collapse of the intervention.,4,Egypt,,Encyclopaedia Britannica,https://www.britannica.com/event/Suez-Crisis,0.95,crisis;egypt;decolonization
Timeline of the Suez Crisis,suez-crisis,Major diplomatic and military milestones of the 1956 Suez Crisis.,politics,18,1957-03,month,Israeli withdrawal completed,Israel withdrew from Sinai and Gaza under international pressure.,4,Sinai and Gaza,,Encyclopaedia Britannica,https://www.britannica.com/event/Suez-Crisis,0.95,crisis;egypt;decolonization
Timeline of the Suez Crisis,suez-crisis,Major diplomatic and military milestones of the 1956 Suez Crisis.,politics,19,1957-04,month,Suez Canal reopens,The canal resumed operation after the crisis and clearance work.,4,Suez Canal,,Encyclopaedia Britannica,https://www.britannica.com/event/Suez-Crisis,0.95,crisis;egypt;decolonization
Timeline of the Suez Crisis,suez-crisis,Major diplomatic and military milestones of the 1956 Suez Crisis.,politics,20,1957,year,Nasser emerges politically strengthened,The crisis accelerated decolonization and elevated Nasser's prestige.,4,Arab world,,Encyclopaedia Britannica,https://www.britannica.com/event/Suez-Crisis,0.95,crisis;egypt;decolonization
Timeline of the History of Genetics,history-of-genetics,Major milestones in the development of genetics from inheritance studies to genomic science.,science,1,1859,year,Darwin publishes On the Origin of Species,Evolutionary theory intensified scientific interest in heredity.,4,London,,Encyclopaedia Britannica,https://www.britannica.com/science/genetics,0.95,science;genetics;biology
Timeline of the History of Genetics,history-of-genetics,Major milestones in the development of genetics from inheritance studies to genomic science.,science,2,1866,year,Mendel publishes pea plant experiments,Gregor Mendel set out the basic statistical laws of inheritance.,5,Brno,,Encyclopaedia Britannica,https://www.britannica.com/science/genetics,0.95,science;genetics;biology
Timeline of the History of Genetics,history-of-genetics,Major milestones in the development of genetics from inheritance studies to genomic science.,science,3,1869,year,Miescher isolates nuclein,Friedrich Miescher identified a substance later recognized as DNA.,4,Tübingen,,Encyclopaedia Britannica,https://www.britannica.com/science/genetics,0.95,science;genetics;biology
Timeline of the History of Genetics,history-of-genetics,Major milestones in the development of genetics from inheritance studies to genomic science.,science,4,1888,year,Term chromosome introduced,The chromosome concept became part of the study of heredity.,3,Germany,,Encyclopaedia Britannica,https://www.britannica.com/science/genetics,0.95,science;genetics;biology
Timeline of the History of Genetics,history-of-genetics,Major milestones in the development of genetics from inheritance studies to genomic science.,science,5,1900,year,Mendel's work rediscovered,Several scientists independently revived Mendelian inheritance.,5,Europe,,Encyclopaedia Britannica,https://www.britannica.com/science/genetics,0.95,science;genetics;biology
Timeline of the History of Genetics,history-of-genetics,Major milestones in the development of genetics from inheritance studies to genomic science.,science,6,1902,year,Sutton and Boveri advance chromosome theory,Inheritance was linked more directly to chromosomes.,5,United States and Germany,,Encyclopaedia Britannica,https://www.britannica.com/science/genetics,0.95,science;genetics;biology
Timeline of the History of Genetics,history-of-genetics,Major milestones in the development of genetics from inheritance studies to genomic science.,science,7,1905,year,Bateson popularizes the term genetics,The new field acquired its enduring name.,4,United Kingdom,,Encyclopaedia Britannica,https://www.britannica.com/science/genetics,0.95,science;genetics;biology
Timeline of the History of Genetics,history-of-genetics,Major milestones in the development of genetics from inheritance studies to genomic science.,science,8,1910,year,Morgan demonstrates sex-linked inheritance,Fruit fly experiments firmly connected genes with chromosomes.,5,Columbia University,,Encyclopaedia Britannica,https://www.britannica.com/science/genetics,0.95,science;genetics;biology
Timeline of the History of Genetics,history-of-genetics,Major milestones in the development of genetics from inheritance studies to genomic science.,science,9,1913,year,First genetic linkage map produced,Alfred Sturtevant created the first gene map.,5,United States,,Encyclopaedia Britannica,https://www.britannica.com/science/genetics,0.95,science;genetics;biology
Timeline of the History of Genetics,history-of-genetics,Major milestones in the development of genetics from inheritance studies to genomic science.,science,10,1928,year,Griffith discovers bacterial transformation,Transformation hinted that heredity could be transferred chemically.,4,London,,Encyclopaedia Britannica,https://www.britannica.com/science/genetics,0.95,science;genetics;biology
Timeline of the History of Genetics,history-of-genetics,Major milestones in the development of genetics from inheritance studies to genomic science.,science,11,1941,year,One gene-one enzyme hypothesis proposed,Beadle and Tatum connected genes with biochemical function.,4,United States,,Encyclopaedia Britannica,https://www.britannica.com/science/genetics,0.95,science;genetics;biology
Timeline of the History of Genetics,history-of-genetics,Major milestones in the development of genetics from inheritance studies to genomic science.,science,12,1944,year,"Avery, MacLeod, and McCarty identify DNA as genetic material",Their work strongly implicated DNA in heredity.,5,New York,,Encyclopaedia Britannica,https://www.britannica.com/science/genetics,0.95,science;genetics;biology
Timeline of the History of Genetics,history-of-genetics,Major milestones in the development of genetics from inheritance studies to genomic science.,science,13,1952,year,Hershey-Chase experiment confirms DNA role,Bacteriophage experiments reinforced DNA's central role in heredity.,5,United States,,Encyclopaedia Britannica,https://www.britannica.com/science/genetics,0.95,science;genetics;biology
Timeline of the History of Genetics,history-of-genetics,Major milestones in the development of genetics from inheritance studies to genomic science.,science,14,1953,year,DNA double helix described,Watson and Crick proposed the double-helix structure of DNA.,5,Cambridge,,Encyclopaedia Britannica,https://www.britannica.com/science/genetics,0.95,science;genetics;biology
Timeline of the History of Genetics,history-of-genetics,Major milestones in the development of genetics from inheritance studies to genomic science.,science,15,1961,year,Genetic code begins to be deciphered,Key experiments advanced understanding of how nucleotide sequences encode proteins.,5,United States,,Encyclopaedia Britannica,https://www.britannica.com/science/genetics,0.95,science;genetics;biology
Timeline of the History of Genetics,history-of-genetics,Major milestones in the development of genetics from inheritance studies to genomic science.,science,16,1973,year,Recombinant DNA methods developed,Modern genetic engineering began with recombinant DNA techniques.,5,United States,,Encyclopaedia Britannica,https://www.britannica.com/science/genetics,0.95,science;genetics;biology
Timeline of the History of Genetics,history-of-genetics,Major milestones in the development of genetics from inheritance studies to genomic science.,science,17,1977,year,DNA sequencing methods introduced,Rapid sequencing transformed molecular genetics.,5,United Kingdom,,Encyclopaedia Britannica,https://www.britannica.com/science/genetics,0.95,science;genetics;biology
Timeline of the History of Genetics,history-of-genetics,Major milestones in the development of genetics from inheritance studies to genomic science.,science,18,1983,year,PCR invented,Polymerase chain reaction made DNA amplification routine.,5,United States,,Encyclopaedia Britannica,https://www.britannica.com/science/genetics,0.95,science;genetics;biology
Timeline of the History of Genetics,history-of-genetics,Major milestones in the development of genetics from inheritance studies to genomic science.,science,19,1990,year,Human Genome Project launched,A major international effort began to map and sequence the human genome.,5,Global,,Encyclopaedia Britannica,https://www.britannica.com/science/genetics,0.95,science;genetics;biology
Timeline of the History of Genetics,history-of-genetics,Major milestones in the development of genetics from inheritance studies to genomic science.,science,20,2003,year,Human Genome Project completed,A landmark reference sequence of the human genome was announced.,5,Global,,Encyclopaedia Britannica,https://www.britannica.com/science/genetics,0.95,science;genetics;biology
Timeline of the History of Genetics,history-of-genetics,Major milestones in the development of genetics from inheritance studies to genomic science.,science,21,2012,year,CRISPR gene editing transformed genetics,CRISPR-Cas9 emerged as a powerful gene-editing tool.,5,Global,,Encyclopaedia Britannica,https://www.britannica.com/science/genetics,0.95,science;genetics;biology
Timeline of the Battle of Stalingrad,battle-of-stalingrad,Major military milestones of the Battle of Stalingrad during the Second World War.,war,1,1941-06-22,day,Germany invades the Soviet Union,Operation Barbarossa created the broader eastern front that led to Stalingrad.,4,Soviet Union,,Encyclopaedia Britannica,https://www.britannica.com/event/Battle-of-Stalingrad,0.95,war;stalingrad;world-war-ii
Timeline of the Battle of Stalingrad,battle-of-stalingrad,Major military milestones of the Battle of Stalingrad during the Second World War.,war,2,1942-04,month,Hitler issues Directive No. 41,The German summer offensive was planned with the Caucasus and Volga in mind.,4,Germany,,Encyclopaedia Britannica,https://www.britannica.com/event/Battle-of-Stalingrad,0.95,war;stalingrad;world-war-ii
Timeline of the Battle of Stalingrad,battle-of-stalingrad,Major military milestones of the Battle of Stalingrad during the Second World War.,war,3,1942-06-28,day,Operation Blue begins,German forces launched their 1942 summer offensive in southern Russia.,5,Southern Soviet Union,,Encyclopaedia Britannica,https://www.britannica.com/event/Battle-of-Stalingrad,0.95,war;stalingrad;world-war-ii
Timeline of the Battle of Stalingrad,battle-of-stalingrad,Major military milestones of the Battle of Stalingrad during the Second World War.,war,4,1942-07-17,day,Battle of Stalingrad begins,Fighting opened on the approaches to Stalingrad.,5,Stalingrad region,,Encyclopaedia Britannica,https://www.britannica.com/event/Battle-of-Stalingrad,0.95,war;stalingrad;world-war-ii
Timeline of the Battle of Stalingrad,battle-of-stalingrad,Major military milestones of the Battle of Stalingrad during the Second World War.,war,5,1942-07-28,day,Order No. 227 issued,Stalin's No Step Back order hardened Soviet resistance.,4,Moscow,,Encyclopaedia Britannica,https://www.britannica.com/event/Battle-of-Stalingrad,0.95,war;stalingrad;world-war-ii
Timeline of the Battle of Stalingrad,battle-of-stalingrad,Major military milestones of the Battle of Stalingrad during the Second World War.,war,6,1942-08-23,day,Luftwaffe devastates Stalingrad,A massive air attack turned much of the city into ruins.,5,Stalingrad,,Encyclopaedia Britannica,https://www.britannica.com/event/Battle-of-Stalingrad,0.95,war;stalingrad;world-war-ii
Timeline of the Battle of Stalingrad,battle-of-stalingrad,Major military milestones of the Battle of Stalingrad during the Second World War.,war,7,1942-09,month,German assault enters the city,Urban combat intensified inside Stalingrad.,5,Stalingrad,,Encyclopaedia Britannica,https://www.britannica.com/event/Battle-of-Stalingrad,0.95,war;stalingrad;world-war-ii
Timeline of the Battle of Stalingrad,battle-of-stalingrad,Major military milestones of the Battle of Stalingrad during the Second World War.,war,8,1942-09-13,day,Fighting for central Stalingrad intensifies,Combat around key positions became ferocious house-to-house warfare.,5,Stalingrad,,Encyclopaedia Britannica,https://www.britannica.com/event/Battle-of-Stalingrad,0.95,war;stalingrad;world-war-ii
Timeline of the Battle of Stalingrad,battle-of-stalingrad,Major military milestones of the Battle of Stalingrad during the Second World War.,war,9,1942-09,month,Mamayev Kurgan contested,The hill became one of the battle's most fiercely fought positions.,4,Stalingrad,,Encyclopaedia Britannica,https://www.britannica.com/event/Battle-of-Stalingrad,0.95,war;stalingrad;world-war-ii
Timeline of the Battle of Stalingrad,battle-of-stalingrad,Major military milestones of the Battle of Stalingrad during the Second World War.,war,10,1942-09,month,Red October factory battle begins,Industrial districts became major centers of resistance.,4,Stalingrad,,Encyclopaedia Britannica,https://www.britannica.com/event/Battle-of-Stalingrad,0.95,war;stalingrad;world-war-ii
Timeline of the Battle of Stalingrad,battle-of-stalingrad,Major military milestones of the Battle of Stalingrad during the Second World War.,war,11,1942-10,month,Barrikady factory fighting peaks,The struggle for the factory district symbolized the brutality of the battle.,4,Stalingrad,,Encyclopaedia Britannica,https://www.britannica.com/event/Battle-of-Stalingrad,0.95,war;stalingrad;world-war-ii
Timeline of the Battle of Stalingrad,battle-of-stalingrad,Major military milestones of the Battle of Stalingrad during the Second World War.,war,12,1942-10,month,Volga crossings sustain Soviet defense,Soviet reinforcements and supplies continued crossing the Volga under fire.,4,Stalingrad,,Encyclopaedia Britannica,https://www.britannica.com/event/Battle-of-Stalingrad,0.95,war;stalingrad;world-war-ii
Timeline of the Battle of Stalingrad,battle-of-stalingrad,Major military milestones of the Battle of Stalingrad during the Second World War.,war,13,1942-11-19,day,Operation Uranus begins,The Red Army launched a major counteroffensive against Axis flanks.,5,Stalingrad front,,Encyclopaedia Britannica,https://www.britannica.com/event/Battle-of-Stalingrad,0.95,war;stalingrad;world-war-ii
Timeline of the Battle of Stalingrad,battle-of-stalingrad,Major military milestones of the Battle of Stalingrad during the Second World War.,war,14,1942-11-23,day,German Sixth Army encircled,Soviet forces closed the ring around Stalingrad.,5,Kalach region,,Encyclopaedia Britannica,https://www.britannica.com/event/Battle-of-Stalingrad,0.95,war;stalingrad;world-war-ii
Timeline of the Battle of Stalingrad,battle-of-stalingrad,Major military milestones of the Battle of Stalingrad during the Second World War.,war,15,1942-12-12,day,Operation Winter Storm begins,German forces attempted to relieve the encircled Sixth Army.,4,Kotelnikovo,,Encyclopaedia Britannica,https://www.britannica.com/event/Battle-of-Stalingrad,0.95,war;stalingrad;world-war-ii
Timeline of the Battle of Stalingrad,battle-of-stalingrad,Major military milestones of the Battle of Stalingrad during the Second World War.,war,16,1942-12-23,day,Relief attempt fails,The German relief effort broke down before reaching Stalingrad.,5,Southern front,,Encyclopaedia Britannica,https://www.britannica.com/event/Battle-of-Stalingrad,0.95,war;stalingrad;world-war-ii
Timeline of the Battle of Stalingrad,battle-of-stalingrad,Major military milestones of the Battle of Stalingrad during the Second World War.,war,17,1943-01-10,day,Operation Ring begins,Soviet forces began the final reduction of the encircled pocket.,5,Stalingrad,,Encyclopaedia Britannica,https://www.britannica.com/event/Battle-of-Stalingrad,0.95,war;stalingrad;world-war-ii
Timeline of the Battle of Stalingrad,battle-of-stalingrad,Major military milestones of the Battle of Stalingrad during the Second World War.,war,18,1943-01-31,day,Paulus surrenders southern pocket,Field Marshal Friedrich Paulus capitulated with the southern part of the Sixth Army.,5,Stalingrad,,Encyclopaedia Britannica,https://www.britannica.com/event/Battle-of-Stalingrad,0.95,war;stalingrad;world-war-ii
Timeline of the Battle of Stalingrad,battle-of-stalingrad,Major military milestones of the Battle of Stalingrad during the Second World War.,war,19,1943-02-02,day,Battle ends with final German surrender,Remaining Axis resistance in Stalingrad ended.,5,Stalingrad,,Encyclopaedia Britannica,https://www.britannica.com/event/Battle-of-Stalingrad,0.95,war;stalingrad;world-war-ii
Timeline of the Battle of Stalingrad,battle-of-stalingrad,Major military milestones of the Battle of Stalingrad during the Second World War.,war,20,1943-02,month,Soviet victory transforms the eastern front,The battle became a decisive turning point in the war against Germany.,5,Eastern Front,,Encyclopaedia Britannica,https://www.britannica.com/event/Battle-of-Stalingrad,0.95,war;stalingrad;world-war-ii
Timeline of the Rise of Fascism in Italy,rise-of-fascism-in-italy,"Major political milestones in the rise, consolidation, and collapse of Fascism in Italy.",politics,1,1914,year,First World War begins,The war intensified Italy's social and political tensions and shaped postwar radicalism.,3,Italy,,Encyclopaedia Britannica,https://www.britannica.com/topic/Fascism/Italy,0.95,italy;fascism;politics
Timeline of the Rise of Fascism in Italy,rise-of-fascism-in-italy,"Major political milestones in the rise, consolidation, and collapse of Fascism in Italy.",politics,2,1915,year,Italy enters the First World War,War mobilization and sacrifice helped fuel the resentments later exploited by Fascism.,3,Italy,,Encyclopaedia Britannica,https://www.britannica.com/topic/Fascism/Italy,0.95,italy;fascism;politics
Timeline of the Rise of Fascism in Italy,rise-of-fascism-in-italy,"Major political milestones in the rise, consolidation, and collapse of Fascism in Italy.",politics,3,1919-03-23,day,Fasci di Combattimento founded,Benito Mussolini founded the Fascist movement in Milan.,5,Milan,,Encyclopaedia Britannica,https://www.britannica.com/topic/Fascism/Italy,0.95,italy;fascism;politics
Timeline of the Rise of Fascism in Italy,rise-of-fascism-in-italy,"Major political milestones in the rise, consolidation, and collapse of Fascism in Italy.",politics,4,1919,year,Postwar unrest deepens,"Strikes, inflation, and political polarization destabilized liberal Italy.",4,Italy,,Encyclopaedia Britannica,https://www.britannica.com/topic/Fascism/Italy,0.95,italy;fascism;politics
Timeline of the Rise of Fascism in Italy,rise-of-fascism-in-italy,"Major political milestones in the rise, consolidation, and collapse of Fascism in Italy.",politics,5,1920,year,Factory occupations spread,Class conflict and fears of revolution broadened support for anti-socialist violence.,4,Northern Italy,,Encyclopaedia Britannica,https://www.britannica.com/topic/Fascism/Italy,0.95,italy;fascism;politics
Timeline of the Rise of Fascism in Italy,rise-of-fascism-in-italy,"Major political milestones in the rise, consolidation, and collapse of Fascism in Italy.",politics,6,1921,year,National Fascist Party founded,The Fascist movement reorganized as a political party.,5,Rome,,Encyclopaedia Britannica,https://www.britannica.com/topic/Fascism/Italy,0.95,italy;fascism;politics
Timeline of the Rise of Fascism in Italy,rise-of-fascism-in-italy,"Major political milestones in the rise, consolidation, and collapse of Fascism in Italy.",politics,7,1921,year,Squadrist violence expands,Blackshirt violence became a central tool of Fascist political advance.,5,Italy,,Encyclopaedia Britannica,https://www.britannica.com/topic/Fascism/Italy,0.95,italy;fascism;politics
Timeline of the Rise of Fascism in Italy,rise-of-fascism-in-italy,"Major political milestones in the rise, consolidation, and collapse of Fascism in Italy.",politics,8,1922-08,month,Anti-Fascist general strike fails,The failed strike strengthened Fascist claims to restore order.,4,Italy,,Encyclopaedia Britannica,https://www.britannica.com/topic/Fascism/Italy,0.95,italy;fascism;politics
Timeline of the Rise of Fascism in Italy,rise-of-fascism-in-italy,"Major political milestones in the rise, consolidation, and collapse of Fascism in Italy.",politics,9,1922-10-28,day,March on Rome begins,Fascist pressure campaign forced a constitutional crisis.,5,Italy,,Encyclopaedia Britannica,https://www.britannica.com/topic/Fascism/Italy,0.95,italy;fascism;politics
Timeline of the Rise of Fascism in Italy,rise-of-fascism-in-italy,"Major political milestones in the rise, consolidation, and collapse of Fascism in Italy.",politics,10,1922-10-30,day,Mussolini appointed prime minister,King Victor Emmanuel III invited Mussolini to form a government.,5,Rome,,Encyclopaedia Britannica,https://www.britannica.com/topic/Fascism/Italy,0.95,italy;fascism;politics
Timeline of the Rise of Fascism in Italy,rise-of-fascism-in-italy,"Major political milestones in the rise, consolidation, and collapse of Fascism in Italy.",politics,11,1923,year,Acerbo Law passed,Electoral reform was designed to secure a parliamentary majority for the Fascists.,5,Italy,,Encyclopaedia Britannica,https://www.britannica.com/topic/Fascism/Italy,0.95,italy;fascism;politics
Timeline of the Rise of Fascism in Italy,rise-of-fascism-in-italy,"Major political milestones in the rise, consolidation, and collapse of Fascism in Italy.",politics,12,1924,year,Fascists dominate elections,The new electoral system delivered overwhelming parliamentary strength.,4,Italy,,Encyclopaedia Britannica,https://www.britannica.com/topic/Fascism/Italy,0.95,italy;fascism;politics
Timeline of the Rise of Fascism in Italy,rise-of-fascism-in-italy,"Major political milestones in the rise, consolidation, and collapse of Fascism in Italy.",politics,13,1924-06,month,Matteotti kidnapped and murdered,The murder of socialist deputy Giacomo Matteotti triggered a major political crisis.,5,Rome,,Encyclopaedia Britannica,https://www.britannica.com/topic/Fascism/Italy,0.95,italy;fascism;politics
Timeline of the Rise of Fascism in Italy,rise-of-fascism-in-italy,"Major political milestones in the rise, consolidation, and collapse of Fascism in Italy.",politics,14,1925,year,Mussolini assumes dictatorial authority,Mussolini openly moved toward dictatorship after surviving the Matteotti crisis.,5,Italy,,Encyclopaedia Britannica,https://www.britannica.com/topic/Fascism/Italy,0.95,italy;fascism;politics
Timeline of the Rise of Fascism in Italy,rise-of-fascism-in-italy,"Major political milestones in the rise, consolidation, and collapse of Fascism in Italy.",politics,15,1926,year,Opposition parties suppressed,Emergency laws destroyed most remaining political pluralism.,5,Italy,,Encyclopaedia Britannica,https://www.britannica.com/topic/Fascism/Italy,0.95,italy;fascism;politics
Timeline of the Rise of Fascism in Italy,rise-of-fascism-in-italy,"Major political milestones in the rise, consolidation, and collapse of Fascism in Italy.",politics,16,1927,year,Charter of Labour issued,The regime advanced its corporatist vision of the state and economy.,3,Italy,,Encyclopaedia Britannica,https://www.britannica.com/topic/Fascism/Italy,0.95,italy;fascism;politics
Timeline of the Rise of Fascism in Italy,rise-of-fascism-in-italy,"Major political milestones in the rise, consolidation, and collapse of Fascism in Italy.",politics,17,1929,year,Lateran Accords signed,The settlement with the papacy strengthened the regime's legitimacy.,4,Rome,,Encyclopaedia Britannica,https://www.britannica.com/topic/Fascism/Italy,0.95,italy;fascism;politics
Timeline of the Rise of Fascism in Italy,rise-of-fascism-in-italy,"Major political milestones in the rise, consolidation, and collapse of Fascism in Italy.",politics,18,1935,year,Italy invades Ethiopia,Imperial war marked the aggressive expansionism of Fascist Italy.,4,Ethiopia,,Encyclopaedia Britannica,https://www.britannica.com/topic/Fascism/Italy,0.95,italy;fascism;politics
Timeline of the Rise of Fascism in Italy,rise-of-fascism-in-italy,"Major political milestones in the rise, consolidation, and collapse of Fascism in Italy.",politics,19,1938,year,Racial laws introduced,The regime adopted antisemitic legislation aligned more closely with Nazi Germany.,5,Italy,,Encyclopaedia Britannica,https://www.britannica.com/topic/Fascism/Italy,0.95,italy;fascism;politics
Timeline of the Rise of Fascism in Italy,rise-of-fascism-in-italy,"Major political milestones in the rise, consolidation, and collapse of Fascism in Italy.",politics,20,1943-07-25,day,Mussolini deposed,The Fascist Grand Council and the king removed Mussolini from power.,5,Rome,,Encyclopaedia Britannica,https://www.britannica.com/topic/Fascism/Italy,0.95,italy;fascism;politics
Timeline of the Rise of Fascism in Italy,rise-of-fascism-in-italy,"Major political milestones in the rise, consolidation, and collapse of Fascism in Italy.",politics,21,1945,year,Fascist regime destroyed,The fall of the Italian Social Republic ended Fascist rule in Italy.,5,Italy,,Encyclopaedia Britannica,https://www.britannica.com/topic/Fascism/Italy,0.95,italy;fascism;politics
Timeline of the History of the Telegraph,history-of-the-telegraph,"Major milestones in the invention, expansion, and modernization of telegraphy.",technology,1,1792,year,Chappe demonstrates optical telegraph,Claude Chappe's semaphore system marked a major advance in long-distance communication.,4,France,,Encyclopaedia Britannica,https://www.britannica.com/technology/telegraph,0.95,technology;telegraph;communications
Timeline of the History of the Telegraph,history-of-the-telegraph,"Major milestones in the invention, expansion, and modernization of telegraphy.",technology,2,1794,year,French semaphore line opens,France began regular use of optical telegraphy on a national line.,4,France,,Encyclopaedia Britannica,https://www.britannica.com/technology/telegraph,0.95,technology;telegraph;communications
Timeline of the History of the Telegraph,history-of-the-telegraph,"Major milestones in the invention, expansion, and modernization of telegraphy.",technology,3,1832,year,Schilling demonstrates electromagnetic telegraph,Early electrical telegraph concepts advanced in Russia.,3,Russia,,Encyclopaedia Britannica,https://www.britannica.com/technology/telegraph,0.95,technology;telegraph;communications
Timeline of the History of the Telegraph,history-of-the-telegraph,"Major milestones in the invention, expansion, and modernization of telegraphy.",technology,4,1837,year,Cooke and Wheatstone patent telegraph,A practical electrical telegraph system was patented in Britain.,5,United Kingdom,,Encyclopaedia Britannica,https://www.britannica.com/technology/telegraph,0.95,technology;telegraph;communications
Timeline of the History of the Telegraph,history-of-the-telegraph,"Major milestones in the invention, expansion, and modernization of telegraphy.",technology,5,1837,year,Morse develops telegraph system,Samuel Morse began developing the system associated with Morse code.,5,United States,,Encyclopaedia Britannica,https://www.britannica.com/technology/telegraph,0.95,technology;telegraph;communications
Timeline of the History of the Telegraph,history-of-the-telegraph,"Major milestones in the invention, expansion, and modernization of telegraphy.",technology,6,1843,year,US funds Washington-Baltimore line,Federal support enabled construction of a major experimental telegraph line.,4,United States,,Encyclopaedia Britannica,https://www.britannica.com/technology/telegraph,0.95,technology;telegraph;communications
Timeline of the History of the Telegraph,history-of-the-telegraph,"Major milestones in the invention, expansion, and modernization of telegraphy.",technology,7,1844-05-24,day,First famous Morse message sent,What hath God wrought became a celebrated milestone in telegraph history.,5,Washington to Baltimore,,Encyclopaedia Britannica,https://www.britannica.com/technology/telegraph,0.95,technology;telegraph;communications
Timeline of the History of the Telegraph,history-of-the-telegraph,"Major milestones in the invention, expansion, and modernization of telegraphy.",technology,8,1846,year,Commercial telegraph expansion accelerates,Telegraph companies rapidly extended service across the United States and Europe.,4,United States and Europe,,Encyclopaedia Britannica,https://www.britannica.com/technology/telegraph,0.95,technology;telegraph;communications
Timeline of the History of the Telegraph,history-of-the-telegraph,"Major milestones in the invention, expansion, and modernization of telegraphy.",technology,9,1851,year,Reuters founded using telegraphy,Telegraph networks transformed the speed of news transmission.,4,London,,Encyclopaedia Britannica,https://www.britannica.com/technology/telegraph,0.95,technology;telegraph;communications
Timeline of the History of the Telegraph,history-of-the-telegraph,"Major milestones in the invention, expansion, and modernization of telegraphy.",technology,10,1851,year,First successful submarine telegraph cable in the English Channel,Undersea telegraphy moved from experiment to practical use.,4,English Channel,,Encyclopaedia Britannica,https://www.britannica.com/technology/telegraph,0.95,technology;telegraph;communications
Timeline of the History of the Telegraph,history-of-the-telegraph,"Major milestones in the invention, expansion, and modernization of telegraphy.",technology,11,1858,year,First transatlantic cable briefly operates,"A cable linked Europe and North America for the first time, though only temporarily.",5,Atlantic Ocean,,Encyclopaedia Britannica,https://www.britannica.com/technology/telegraph,0.95,technology;telegraph;communications
Timeline of the History of the Telegraph,history-of-the-telegraph,"Major milestones in the invention, expansion, and modernization of telegraphy.",technology,12,1861,year,Transcontinental telegraph completed in the US,The line connected the American coasts by telegraph.,5,United States,,Encyclopaedia Britannica,https://www.britannica.com/technology/telegraph,0.95,technology;telegraph;communications
Timeline of the History of the Telegraph,history-of-the-telegraph,"Major milestones in the invention, expansion, and modernization of telegraphy.",technology,13,1866,year,Durable transatlantic cable succeeds,Reliable transatlantic telegraph communication was achieved.,5,Atlantic Ocean,,Encyclopaedia Britannica,https://www.britannica.com/technology/telegraph,0.95,technology;telegraph;communications
Timeline of the History of the Telegraph,history-of-the-telegraph,"Major milestones in the invention, expansion, and modernization of telegraphy.",technology,14,1870,year,Indo-European telegraph link completed,Long-distance imperial communications expanded dramatically.,4,Europe to India,,Encyclopaedia Britannica,https://www.britannica.com/technology/telegraph,0.95,technology;telegraph;communications
Timeline of the History of the Telegraph,history-of-the-telegraph,"Major milestones in the invention, expansion, and modernization of telegraphy.",technology,15,1872,year,International Telegraph Union founded earlier gains wider importance,International coordination of telegraph standards became increasingly significant.,3,Global,,Encyclopaedia Britannica,https://www.britannica.com/technology/telegraph,0.95,technology;telegraph;communications
Timeline of the History of the Telegraph,history-of-the-telegraph,"Major milestones in the invention, expansion, and modernization of telegraphy.",technology,16,1895,year,Wireless telegraphy demonstrated by Marconi,Radio telegraphy opened a new era of long-distance communication.,5,Italy,,Encyclopaedia Britannica,https://www.britannica.com/technology/telegraph,0.95,technology;telegraph;communications
Timeline of the History of the Telegraph,history-of-the-telegraph,"Major milestones in the invention, expansion, and modernization of telegraphy.",technology,17,1901,year,First transatlantic wireless signal received,Wireless telegraphy crossed the Atlantic.,5,Newfoundland,,Encyclopaedia Britannica,https://www.britannica.com/technology/telegraph,0.95,technology;telegraph;communications
Timeline of the History of the Telegraph,history-of-the-telegraph,"Major milestones in the invention, expansion, and modernization of telegraphy.",technology,18,1914,year,Telegraphy central to wartime communications,Telegraph networks became essential to modern total war command systems.,4,Global,,Encyclopaedia Britannica,https://www.britannica.com/technology/telegraph,0.95,technology;telegraph;communications
Timeline of the History of the Telegraph,history-of-the-telegraph,"Major milestones in the invention, expansion, and modernization of telegraphy.",technology,19,1920,year,Teleprinters spread in business and news use,Printing telegraph systems modernized message handling.,3,Global,,Encyclopaedia Britannica,https://www.britannica.com/technology/telegraph,0.95,technology;telegraph;communications
Timeline of the History of the Telegraph,history-of-the-telegraph,"Major milestones in the invention, expansion, and modernization of telegraphy.",technology,20,1988,year,Telegram service declines in many countries,Newer technologies marginalized traditional telegraph services.,2,Global,,Encyclopaedia Britannica,https://www.britannica.com/technology/telegraph,0.95,technology;telegraph;communications
Timeline of Book Censorship,book-censorship,"Major milestones in the censorship, banning, and suppression of books and printed texts.",society,1,213 BCE,year,Qin book burnings ordered,The Qin regime is traditionally associated with the destruction of books and suppression of scholars.,5,China,,Encyclopaedia Britannica,https://www.britannica.com/topic/censorship,0.95,books;censorship;society
Timeline of Book Censorship,book-censorship,"Major milestones in the censorship, banning, and suppression of books and printed texts.",society,2,8,year,Ovid exiled by Augustus,Imperial power intervened against a major author in early imperial Rome.,2,Rome,,Encyclopaedia Britannica,https://www.britannica.com/topic/censorship,0.95,books;censorship;society
Timeline of Book Censorship,book-censorship,"Major milestones in the censorship, banning, and suppression of books and printed texts.",society,3,303,year,Diocletian orders destruction of Christian texts,Imperial persecution targeted sacred writings as well as believers.,4,Roman Empire,,Encyclopaedia Britannica,https://www.britannica.com/topic/censorship,0.95,books;censorship;society
Timeline of Book Censorship,book-censorship,"Major milestones in the censorship, banning, and suppression of books and printed texts.",society,4,1231,year,Papal inquisition formalized,Institutional religious censorship became more systematized in medieval Europe.,3,Rome,,Encyclopaedia Britannica,https://www.britannica.com/topic/censorship,0.95,books;censorship;society
Timeline of Book Censorship,book-censorship,"Major milestones in the censorship, banning, and suppression of books and printed texts.",society,5,1497,year,Bonfire of the Vanities,Savonarola's followers destroyed books and artworks in Florence.,4,Florence,,Encyclopaedia Britannica,https://www.britannica.com/topic/censorship,0.95,books;censorship;society
Timeline of Book Censorship,book-censorship,"Major milestones in the censorship, banning, and suppression of books and printed texts.",society,6,1515,year,Fifth Lateran Council imposes prepublication controls,The Catholic Church strengthened controls over printing and publication.,4,Rome,,Encyclopaedia Britannica,https://www.britannica.com/topic/censorship,0.95,books;censorship;society
Timeline of Book Censorship,book-censorship,"Major milestones in the censorship, banning, and suppression of books and printed texts.",society,7,1535,year,Henry VIII regulates printing,The English crown intensified efforts to control religious and political publication.,4,England,,Encyclopaedia Britannica,https://www.britannica.com/topic/censorship,0.95,books;censorship;society
Timeline of Book Censorship,book-censorship,"Major milestones in the censorship, banning, and suppression of books and printed texts.",society,8,1559,year,Index Librorum Prohibitorum issued,The Catholic Church published its formal index of prohibited books.,5,Rome,,Encyclopaedia Britannica,https://www.britannica.com/topic/censorship,0.95,books;censorship;society
Timeline of Book Censorship,book-censorship,"Major milestones in the censorship, banning, and suppression of books and printed texts.",society,9,1633,year,Galileo condemned,Church censure of Galileo symbolized conflict over knowledge and authority.,5,Rome,,Encyclopaedia Britannica,https://www.britannica.com/topic/censorship,0.95,books;censorship;society
Timeline of Book Censorship,book-censorship,"Major milestones in the censorship, banning, and suppression of books and printed texts.",society,10,1644,year,Milton publishes Areopagitica,Milton produced a landmark defense of freedom of unlicensed printing.,5,London,,Encyclopaedia Britannica,https://www.britannica.com/topic/censorship,0.95,books;censorship;society
Timeline of Book Censorship,book-censorship,"Major milestones in the censorship, banning, and suppression of books and printed texts.",society,11,1695,year,English Licensing Act lapses,The end of prepublication licensing marked a major shift in the English print world.,5,England,,Encyclopaedia Britannica,https://www.britannica.com/topic/censorship,0.95,books;censorship;society
Timeline of Book Censorship,book-censorship,"Major milestones in the censorship, banning, and suppression of books and printed texts.",society,12,1798,year,Alien and Sedition Acts passed,Federal law in the United States intensified political controls over expression.,3,United States,,Encyclopaedia Britannica,https://www.britannica.com/topic/censorship,0.95,books;censorship;society
Timeline of Book Censorship,book-censorship,"Major milestones in the censorship, banning, and suppression of books and printed texts.",society,13,1821,year,Greek revolutionary press suppression intensifies in Ottoman lands,Imperial authorities tried to contain insurgent printed material.,2,Ottoman Empire,,Encyclopaedia Britannica,https://www.britannica.com/topic/censorship,0.95,books;censorship;society
Timeline of Book Censorship,book-censorship,"Major milestones in the censorship, banning, and suppression of books and printed texts.",society,14,1933,year,Nazi book burnings held,Public burnings targeted works deemed un-German by the Nazi regime.,5,Germany,,Encyclopaedia Britannica,https://www.britannica.com/topic/censorship,0.95,books;censorship;society
Timeline of Book Censorship,book-censorship,"Major milestones in the censorship, banning, and suppression of books and printed texts.",society,15,1956,year,Howl obscenity controversy begins,The prosecution of Allen Ginsberg's work became a major free-expression case.,4,United States,,Encyclopaedia Britannica,https://www.britannica.com/topic/censorship,0.95,books;censorship;society
Timeline of Book Censorship,book-censorship,"Major milestones in the censorship, banning, and suppression of books and printed texts.",society,16,1960,year,Lady Chatterley's Lover trial,A landmark British obscenity trial shifted standards for literary publication.,5,London,,Encyclopaedia Britannica,https://www.britannica.com/topic/censorship,0.95,books;censorship;society
Timeline of Book Censorship,book-censorship,"Major milestones in the censorship, banning, and suppression of books and printed texts.",society,17,1988,year,The Satanic Verses controversy begins,The novel became the focus of international censorship and violent reaction.,5,United Kingdom,,Encyclopaedia Britannica,https://www.britannica.com/topic/censorship,0.95,books;censorship;society
Timeline of Book Censorship,book-censorship,"Major milestones in the censorship, banning, and suppression of books and printed texts.",society,18,1998,year,Internet filtering expands in several states,Digital technologies created new models of censorship beyond print.,3,Global,,Encyclopaedia Britannica,https://www.britannica.com/topic/censorship,0.95,books;censorship;society
Timeline of Book Censorship,book-censorship,"Major milestones in the censorship, banning, and suppression of books and printed texts.",society,19,2010,year,Book challenges remain prominent in schools and libraries,Public battles over access to books continued in democratic societies.,3,Global,,Encyclopaedia Britannica,https://www.britannica.com/topic/censorship,0.95,books;censorship;society
Timeline of Book Censorship,book-censorship,"Major milestones in the censorship, banning, and suppression of books and printed texts.",society,20,2022,year,US school book ban disputes surge,A sharp rise in book challenges renewed debate over censorship and public education.,4,United States,,Encyclopaedia Britannica,https://www.britannica.com/topic/censorship,0.95,books;censorship;society
